organisation,documentation_url,end_date,endpoint,endpoint_url,entry_date,parameters,plugin,start_date
local-authority-eng:BDF,https://www.bedford.gov.uk/planning-and-building/planning-policy-its-purpose/brownfield-land-register/,2019-11-01,24c96d2f4f5dd16c24a94b871f6660752c8be5d26b88a615d88b78aa93c1c840,https://www.bedford.gov.uk/environment_and_planning/planning_town_and_country/planning_policy__its_purpose/idoc.ashx?docid=a72bd551-72ae-4c1f-ab27-eee73f3c52ae&version=-1,2018-05-22T00:00:00Z,,,
local-authority-eng:CAB,https://www.cambridge.gov.uk/brownfield-land-register,2019-11-24,2ef4e42d7e4d6124010ed891ecf89cc131f7f9098abbf63f332808ee71549b9b,https://www.cambridge.gov.uk/sites/default/files/brownfield-land-register.csv,2018-05-22T00:00:00Z,,,
local-authority-eng:CHN,,2019-11-29,1f4daca5b252bd8ed2437f533c30c57937d63b45b92051027a329495985b07de,http://www.chiltern.gov.uk/media/11738/Chiltern-Brownfield-Register-Part-1/CSV/Chiltern_Brownfield_Register_-_Part_1.csv,2018-05-22T00:00:00Z,,,
local-authority-eng:CHO,,2020-01-30,f3b25a2c0d403adb6d72d4cee56c1a977e18aaff86d7d863005ed4b3409d2116,http://chorley.gov.uk/Documents/Planning/Planning%20Policy/chorley_brownfieldregister_2017-10-12_rev1.csv,2018-05-22T00:00:00Z,,,2017-10-12
local-authority-eng:CHW,https://consult.cheshirewestandchester.gov.uk/portal/cwc_ldf/land/blr,2020-03-14,197d1b990b5cc6ebfb194ff9d039de5a2b85af6b732e26baa1de03eb8c802f57,https://consult.cheshirewestandchester.gov.uk/file/5387565,2019-12-08T00:00:00Z,,,
local-authority-eng:CLD,https://dataworks.calderdale.gov.uk/dataset/brownfield-land-register,2019-02-19,9ccdb35438fb3f66c223a6872dcf268afe30503fb9940893e16298274caaff18,https://files.datapress.com/calderdale/dataset/brownfield-land-register/2017-12-21T10:30:42.92/brownfield-register.csv,2018-05-22T00:00:00Z,,,2017-12-21
local-authority-eng:COT,,2020-01-30,84ceb3869c2bc2ba67419d14c9a1dc5b83ce13bffaf27aa39fa519693a6eb723,http://www.cotswold.gov.uk/media/1565830/Brownfield-Land-Register.csv,2018-05-22T00:00:00Z,,,
local-authority-eng:CRA,https://www.cravendc.gov.uk/planning/brownfield-land-register/,2019-10-20,cd11a0daec5ec86adae6f34ee831af06d1a32235466fa32aa6a6949cab17ed88,https://www.cravendc.gov.uk/media/5414/brownfield-land-register-020218.xlsx,2018-05-22T00:00:00Z,,,
local-authority-eng:DAR,https://www.dartford.gov.uk/by-category/environment-and-planning2/new-planning-homepage/planning-policy/brownfield-land-register,2020-01-06,37d3e154b2cf573e8e231e600b13aca8cbb756931349a9d587929cdcca001508,https://www.dartford.gov.uk/__data/assets/file/0004/886720/Brownfield-Land-Register2019-2312.csv,2019-12-30T00:00:00Z,,,2019-12-30
local-authority-eng:DAR,,2019-11-03,fa146acd922fcd5554942587469a198bac9a48ea451bf558202c3f7ad32bba37,https://www.dartford.gov.uk/__data/assets/file/0009/442278/Dartford_brownfieldregister_2017-12-19_rev1.csv,2018-05-22T00:00:00Z,,,2017-12-19
local-authority-eng:DOV,,2019-10-20,1a9c58e854159f4d17a9225579d657571a5f06d9ba23aa3bc487ebc591ceacc2,https://www.dover.gov.uk/Planning/Planning-Policy-and-Regeneration/Regeneration-and-Development-Opportunities/Brownfield-Register-csv.csv,2018-05-22T00:00:00Z,,,
local-authority-eng:DUD,https://www.dudley.gov.uk/residents/planning/brownfield-land-register/,2019-11-18,7c3325de5bcc2f6c8b46aa03be1ba0b23186d4d65e3bd46c667112691f049bba,http://www.dudley.gov.uk/EasysiteWeb/getresource.axd?AssetID=290865&type=full&servicetype=Attachment,2018-05-22T00:00:00Z,,,
local-authority-eng:EDN,https://www.eden.gov.uk/planning-and-building/planning-policy/brownfield-land-register/,2019-11-25,d1eb92649597a50f2cf43c528c17c14414b595590c4468acceae569a9db52a65,https://www.eden.gov.uk/media/4921/brownfield_land_register_july2018.xlsx,2018-05-22T00:00:00Z,,,
local-authority-eng:EDN,https://www.eden.gov.uk/planning-and-building/planning-policy/brownfield-land-register/,2019-11-25,31881b6f74d09d38d05526346c4448857b8609d433bd52e034d882bc6a0fbff5,https://www.eden.gov.uk/media/4516/brownfield_land_register_web.xlsx,2018-07-05T00:00:00Z,,,
local-authority-eng:EDN,https://www.eden.gov.uk/planning-and-building/planning-policy/brownfield-land-register/,2020-04-28,8a285f586db15391bb216bfb4719932fca27102ab9e7fa234b81b014c2df52ab,https://www.eden.gov.uk/media/5201/brownfield-land-register-2018.xlsx,2019-11-26T00:00:00Z,,,
local-authority-eng:EDO,https://www.dorsetforyou.gov.uk/planning-buildings-land/planning-policy/east-dorset-planning-policy/local-development-framework/christchurch-and-east-dorset-brownfield-land-registers.aspx,2019-03-31,90ceebf29a4b5bb583f20d55fc2b9dd28b34eb2c8deb456dfb5cf74434f16d5f,https://www.dorsetforyou.gov.uk/planning-buildings-land/planning-policy/east-dorset-planning-policy/local-development-framework/pdfs/brownfield-land-registers/east-dorset-brownfield-register-2017.12.19-rev1-excel.csv,2018-05-22T00:00:00Z,,,
local-authority-eng:ENF,,2019-10-20,3869f68ed9e84913c8a8e7372b119e341614bfd9c073ce9b5cedab7e3e54bc1d,https://new.enfield.gov.uk/services/planning/planning-policy/local-plan/planning-policy-information-enfield-blr-part-1.xlsx,2018-05-22T00:00:00Z,,,
local-authority-eng:FEN,https://www.fenland.gov.uk/brownfieldland,2019-12-21,e1a3f4e3adaa74fc0b91e8e210389b471f628c654916992cbdce1b39aa4f8934,https://www.fenland.gov.uk/media/14426/FDC-Brownfield-Land-Register-2017---CSV-format/csv/FenlandDistrictCouncil_brownfieldregister_2017-12-19_rev1.csv,2019-12-14T00:00:00Z,,,2017-12-19
local-authority-eng:FEN,,2019-12-14,d490ecaf1e06967badb8f9530b99dfb187bb2d801afa69d9df9b96ec36681aaa,http://www.fenland.gov.uk/CHttpHandler.ashx?id=14426&p=0,2018-05-22T00:00:00Z,,,
local-authority-eng:FOE,https://www.fdean.gov.uk/residents/planning-building/planning-policy/local-plan-new/,2020-05-07,ea9c1bba529e8ae6c060661fc82ec7a7cf4ac98c5c46c3e383fc9e77e60dd646,https://www.fdean.gov.uk/media/7277/brownfield-land.csv,2020-03-16T00:00:00Z,,,2020-03-16
local-authority-eng:FOE,,2020-05-07,f60671b34748ffb20e79509fc8e8d56e4e5643fb3a827ac44d327199cb80a035,http://www.fdean.gov.uk/media/5465/dclg-brownfield-land-register.csv,2018-05-22T00:00:00Z,,,
local-authority-eng:FOE,https://www.fdean.gov.uk/residents/planning-building/planning-policy/local-plan-new/,2020-05-07,5f600c521173794e63ed8a5725971eae6aec3790ea3ce25737d056650ea3b8ce,https://www.fdean.gov.uk/media/5640/dclg-brownfield-land-register.xlsm,2019-12-14T00:00:00Z,,,
local-authority-eng:GED,https://www.gedling.gov.uk/shlaa/,2020-01-06,69bb33e20f2b9a4f3b5eac2caf432769761ba8b468f2130b8f0b746a366289b5,https://www.gedling.gov.uk/media/gedlingboroughcouncil/documents/planningpolicy/brownfieldregister/gedling_brownfieldregister_2018-08-31_rev1.csv,2019-10-20T00:00:00Z,,,2018-08-31
local-authority-eng:GED,https://www.gedling.gov.uk/shlaa/,2018-08-31,297ded6fa94fe4932f6f14efdbb87dc1e458c61f1c9c471fe42e92dbc438e516,https://www.gedling.gov.uk/media/gedlingboroughcouncil/documents/planningpolicy/brownfieldregister/gedling_brownfieldregister_2017-08-31_rev1.csv,2018-05-22T00:00:00Z,,,2017-08-31
local-authority-eng:GLO,https://www.gloucester.gov.uk/planning-development/planning-policy/brownfield-land-register/,2019-10-25,4b91854cb5a6546ec865a00e646f14fcf979a383914e324dcdf40a5893a2fc77,http://www.gloucester.gov.uk/Documents/gloucester_brownfieldregister_2017-12-31_rev1.csv,2019-11-25T00:00:00Z,,,2017-12-31
local-authority-eng:GLO,,2019-11-25,2aac41f6ec077bba34d370ad012812f560b04723a8e2be530e421a6c830e4e58,http://www.gloucester.gov.uk/Documents/GloucesterBFLR.csv,2018-07-05T00:00:00Z,,,2017-12-21
local-authority-eng:GOS,https://www.gosport.gov.uk/sections/your-council/council-services/planning-section/planning/brownfield-register/,2020-02-17,cefcb91c4f1a7bc6cb24ca8b04a505ff8a4cde5f58b2a82f36ef02da6aa27f83,https://www.gosport.gov.uk/files/GBCBrownfieldLandRegister.csv,2019-12-20T00:00:00Z,,,2019-12-20
local-authority-eng:GOS,,2019-12-20,d46f17f0731ec70de00ade53bca1dfe7be33bcf8304b57bbd7b6897bfba850e6,http://www.gosport.gov.uk/files/GBCBrownfieldLandRegister.csv,2018-05-22T00:00:00Z,,,
local-authority-eng:GOS,https://www.gosport.gov.uk/sections/your-council/council-services/planning-section/planning/brownfield-register/,2020-02-11,26baa09a59697af0978875e10a188bf776b1ae83d456fa1b52de528911e951fc,https://www.gosport.gov.uk/EasySiteWeb/GatewayLink.aspx?alId=50106,2019-12-14T00:00:00Z,,,
local-authority-eng:GRE,https://www.royalgreenwich.gov.uk/info/200191/planning_policy_and_strategy/1955/brownfield_land_register,2020-01-01,41e36be4938cd04e20058823a88e612e6ed9414c12d8ddbe6c966d92057efc6e,https://www.royalgreenwich.gov.uk/downloads/file/3572/brownfield_land_register_csv,2019-12-14T00:00:00Z,,,
local-authority-eng:GRY,https://www.great-yarmouth.gov.uk/brownfield-land-register,2020-04-10,4fc4f068b25e39b5b116cf9493b59a0c1b2eb39b349d997668800399dc8611c4,https://www.great-yarmouth.gov.uk/CHttpHandler.ashx?id=4008&p=0,2019-12-14T00:00:00Z,,,2018-12-20
local-authority-eng:GRY,,2020-04-10,e0da5f68a02fc08a397eab9f5fd186005b76f0c363763d7c8a7bc71fe190613a,https://www.great-yarmouth.gov.uk/CHttpHandler.ashx?id=2608&p=0,2018-05-22T00:00:00Z,,,
local-authority-eng:HAE,https://www.hambleton.gov.uk/info/20172/planning_policy/745/brownfield_land_register,2020-02-01,67874cad51d0eed5172653012364a72337cd09f15ae712f00e92a41f66176197,https://opendata.arcgis.com/datasets/580f1ae73bcb4aaa9355b3faf458684e_0.csv,2019-12-14T00:00:00Z,,,
local-authority-eng:HAG,,2019-12-12,8f562bd4a6668db0fe56f5b37bb4026e4765e5d590222613a6fec8e711fca7a0,https://www.harrogate.gov.uk/download/downloads/id/3132/12-12-2017_harrogate_brownfield_register_rev_1.csv,2018-05-22T00:00:00Z,,,2017-12-12
local-authority-eng:HAO,,2019-10-20,f618e836695cc993d0b174923ff644051a6c691c35c238bcee61f84f18807032,http://www.harborough.gov.uk/download/downloads/id/3772/final_appendix_a_part_1_brownfield_land_register.xlsx,2019-10-20T00:00:00Z,,,
local-authority-eng:HAR,,2019-12-05,95b7b491b16d9a7994cc0ff44a6f448e8186846471ce56bc2c86a112779c42a9,http://www.harlow.gov.uk/sites/harlow-cms/files/files/documents/files/harlow_brownfieldregister_2017-12-31_rev1.csv,2018-05-22T00:00:00Z,,,2017-12-31
local-authority-eng:HAS,https://www.hastings.gov.uk/planning/policy/BrownfieldRegister/,2019-10-20,86d8a69e1fb3428e10f6eddfa983b5be1fa7f92e1de62f78d6541fcc29e471ba,http://www.hastings.gov.uk/content/planning/planning_policy/pdfs/hastings_brownfieldregister_2017-12-15_rev1.csv,2018-05-22T00:00:00Z,,,2017-12-15
local-authority-eng:HCK,,2019-11-24,3109a947e52e664a7394718532756e06dec1c1735b33fc35d4c8760de08f376e,https://www.hackney.gov.uk/media/10019/brownfield-land-register/spreadsheet/hackney-brownfield-register,2018-05-22T00:00:00Z,,,
local-authority-eng:HCK,https://hackney.gov.uk/brownfield-land-register,2020-01-06,d9c351d0c55cb447a3d41dcd91f5049d2fddd32d4afc1858b00b668ae4594baf,https://drive.google.com/file/d/1qpyaNoBf3VTCxE9a5IQ3DDapYXIsIbyj/view,2019-12-22T00:00:00Z,,,
local-authority-eng:HEF,,2019-12-14,2cb84726eaa8655c6f8a313640cc10f320f84ea8ada66876e2dbf6fb950089d1,https://www.herefordshire.gov.uk/download/downloads/id/13144/brownfield_sites_register_2018.csv,2018-05-22T00:00:00Z,,,
local-authority-eng:HIL,,2019-10-20,61aaea147c209b5bc996905d5147753519741f057291242ac061cc98fded7496,https://www.hillingdon.gov.uk/media/38639/CSV-file/xls/hillingdon_brownfieldregister_2017-12-31_rev1.csv,2018-05-22T00:00:00Z,,,2017-12-31
local-authority-eng:HIN,,2019-12-14,baef023ff2f35f332f53544d9a79c71a0326b001c729bc573f815fc37acfa7a6,https://www.hinckley-bosworth.gov.uk/download/downloads/id/5936/brownfield_register_2017.csv,2018-05-22T00:00:00Z,,,
local-authority-eng:HMF,,2019-02-10,f866670bcc236484f503fb1bd3f113033958c9e47ba046af1cbb21676c937673,http://files.datapress.com/london/dataset/brownfield-land-register/2017-12-21T14:21:59.58/London_Brownfield_Land_Register_20171221_.csv,2018-05-22T00:00:00Z,,,2017-12-21
local-authority-eng:HNS,http://data.hounslow.gov.uk/Download/planning/brownfield-land,2019-10-20,7697d3567171f24e9485fa12aa80a3d9750457e8757c3dd6d10effed94536ae8,http://data.hounslow.gov.uk/download/planning/brownfield-land/brownfield-register-2017-12-22/CSV?version=16/07/2018,2018-05-22T00:00:00Z,,,2018-07-16
local-authority-eng:HNS,https://www.hounslow.gov.uk/info/20034/planning_policy/1817/brownfield_land_register,2020-01-06,c04b2e2c87983db3653b9faf92b1b138474e29048b92dd8318a1458d3baa0377,https://data.hounslow.gov.uk/View/planning/brownfield-land,2019-12-24T00:00:00Z,,,
local-authority-eng:HOR,https://www.horsham.gov.uk/planningpolicy/planning-policy/housing-land-availability/brownfield-land-register,2019-10-20,8b36bcac081e6910e26430c49a1337c90fc7e3666e92ff6217675e73f677bce4,https://www.horsham.gov.uk/__data/assets/excel_doc/0006/49434/horsham_brownfieldregister_2017-12-31_rev1a.xlsx,2018-07-31T00:00:00Z,,,2017-12-31
local-authority-eng:HRW,,2019-10-20,587a2a11dbce71269f6c349b379495b485b1f14379e4d3d3417a955326b19451,http://www.harrow.gov.uk/download/downloads/id/10631/harrow_s_brownfield_land_register,2018-05-22T00:00:00Z,,,
local-authority-eng:HRY,https://www.haringey.gov.uk/planning-and-building-control/planning/planning-policy/localism/brownfield-register,2020-02-29,87d3ca938a3176707eea3e50855a32b3be613b84015e7f39f92f2284d7e1668d,https://www.haringey.gov.uk/sites/haringeygovuk/files/brownfield_register_2019.csv,2019-12-21T00:00:00Z,,,2019-12-21
local-authority-eng:HRY,,2019-12-14,27a9d8ef8f0ef8e8e8a26b0d285b1d44ec4c8c4c92e213be9a371845ecaf3f56,http://www.haringey.gov.uk/sites/haringeygovuk/files/haringey_brownfield_register_final_dec_2017.csv,2018-05-22T00:00:00Z,,,
local-authority-eng:HRY,https://www.haringey.gov.uk/planning-and-building-control/planning/planning-policy/localism/brownfield-register,2019-12-21,b5cee04ab4154f840eac7b12fc6949c1374548f64faeb175fc02fec9ab9f4405,https://www.haringey.gov.uk/sites/haringeygovuk/files/haringey_brownfield_register_final_dec_2017.csv,2019-12-14T00:00:00Z,,,
local-authority-eng:HYN,https://www.hyndburnbc.gov.uk/hyndburn-brownfield-register-2/,2020-09-23,95eab64c5f102381ca7c14e3a0be0df38f54655b13e1e46a8588b02766521773,https://www.hyndburnbc.gov.uk/download-package/brownfield-register/?wpdmdl=5825&ind=dYo36xPUfWz-TJF8vWLWbWUMqXXsh0SLv8fl-iBwPXejcMGfPOdcYmQNhJcKLMv9AA08OTd6X-PkNCqMgAsE4w,2019-12-19T00:00:00Z,,,2019-12-19
local-authority-eng:HYN,,2019-12-14,fd0fb1254255ef65d78af1c000fdea495c76005e405ac48503f1b45432c9ba0f,https://www.hyndburnbc.gov.uk/download-package/brownfield-register/?wpdmdl=5825&ind=wlBUCiGFckA9__HMiqcwu7uOPuvjKCHR_5f8ag9Dg11re9kkxWJJyoXPXJcusnHF_JNLCPsQE9MtOUQyKjL7qw,2018-05-22T00:00:00Z,,,
local-authority-eng:HYN,https://www.hyndburnbc.gov.uk/hyndburn-brownfield-register-2/,2020-09-23,03b5752813b86ef91819480eea702a652ef349adb0912df30542eb5b894e14f4,https://www.hyndburnbc.gov.uk/download-package/brownfield-register/?wpdmdl=5825&ind=Prkk2ws_DD_q0ukA1Dal-sw5Yx0GsOTba9GLOVfE16PqtB3Lu0Hx1LXFlGkQBGjwoRBHS7A3ynwJK0hQGReU5Q,2019-12-14T00:00:00Z,,,
local-authority-eng:ISL,https://www.islington.gov.uk/planning/brownfield-land-register,2019-10-20,aebe6a2bb62b414fce15b3b158795ec83a3f27c0db2fd84eab17d7c03c7d8a28,https://www.islington.gov.uk/~/media/sharepoint-lists/public-records/planningandbuildingcontrol/information/adviceandinformation/20172018/20171124islingtonbrownfieldregister20171124rev1.csv,2018-05-22T00:00:00Z,,,2017-11-24
local-authority-eng:KHL,https://hullcc-consult.objective.co.uk/portal/planning/shlaa/bfl17/blr17,2019-12-14,8f9778acfaacd44acb2e9c21f2ca9614bbf8239d3eae0e580d263cb14a59304a,http://hullcc-consult.limehouse.co.uk/file/4825189,2018-05-22T00:00:00Z,,,
local-authority-eng:KIR,https://www.kirklees.gov.uk/beta/planning-policy/brownfield-land-register.aspx,2020-01-16,fbc421a2e2a38ec3db2420cda8952fd28a5f1e1a8c595cfd9badee48011265c2,https://www.kirklees.gov.uk/brownfieldlandregister,2019-12-22T00:00:00Z,,,2019-12-22
local-authority-eng:KIR,,2019-10-20,e0cc574bd41411ecf7f4b6c7d326d849c5fff1b6bf08596f9360ce227a583cf1,http://www.kirklees.gov.uk/beta/planning-policy/pdf/brownfield-land-register-2017.csv,2018-05-22T00:00:00Z,,,
local-authority-eng:KWL,,2019-10-20,50eff31398a7d03cdbe10fad8d4bfd1ff446d30f3a6e4fe70a4375aeb5eb883d,http://www.knowsley.gov.uk/knowsleycouncil/media/Documents/Knowsley-MBC-Brownfield-register.xlsx,2018-05-22T00:00:00Z,,,
local-authority-eng:KWL,https://www.knowsley.gov.uk/residents/building-and-planning/local-plan/brownfield-register,2019-11-30,42204d046bd7ee68b0dc2e5a1045d830dc2f07eb346b80f14c116651636e283a,https://www.knowsley.gov.uk/knowsleycouncil/media/Documents/Knowsley-MBC-Brownfield-register.xlsx,2019-11-30T00:00:00Z,,,
local-authority-eng:LCE,https://www.leicester.gov.uk/your-council/policies-plans-and-strategies/planning-and-development/land-and-building-asset-registers/,2020-01-16,568d724760d2f6073011747205487432ce8b860dddadd276f02c4058f12c317f,https://data.leicester.gov.uk/explore/dataset/leicester_brownfieldregister_2017-12-31_rev1/download/?format=csv&timezone=Europe/London&use_labels_for_header=true&csv_separator=%3B,2019-12-14T00:00:00Z,,,2017-12-31
local-authority-eng:LEW,,2019-10-20,4c4ee2d4c716f50a31c7a0650b8e00ad70d96234c6a157c34e81c357df314a65,https://www.lewisham.gov.uk/myservices/planning/policy/Documents/BrownfieldLandRegister.csv,2018-05-22T00:00:00Z,,,2018-01-03
local-authority-eng:LIC,https://www.lincoln.gov.uk/living-in-lincoln/planning-and-building/brownfield-land-register/,2019-11-03,bbad1c464ef91df8021b49a92c8a0dc7b182f1f5c5c2a6aad20ff38de22e74bb,https://www.lincoln.gov.uk/_resources/assets/attachment/full/0/54502.csv,2018-05-22T00:00:00Z,,,
local-authority-eng:LIF,https://www.lichfielddc.gov.uk/evidence-base/brownfield-land-register/1,2019-10-20,045c64c77fe77a89d29ab26b93c831949e757554424b65e076fbd87f1e655887,https://www.lichfielddc.gov.uk/Inspire-data-sets/Lichfield%20District%20Council%20Brownfield%20Land%20Register/Brownfield%20Land%20Register%202017.csv,2018-05-22T00:00:00Z,,,2017-12-21
local-authority-eng:LIV,,2019-10-20,ddbcabac5b08008b12aa508c5bdaf5ff1c3912f90c52a7dacdbc9c28cb5628ac,https://liverpool.gov.uk/media/1356598/blr-lpool-part1-schedule-mandatorycols-12-12-17.csv,2018-05-22T00:00:00Z,,,
local-authority-eng:LND,https://www.cityoflondon.gov.uk/services/environment-and-planning/planning/development-and-population-information/Pages/development.aspx,2020-07-08,cfdb1c3ee9adfd9db72e708c5d81eb3312716b97d6b262aeefe8b7eda3788eb5,https://www.cityoflondon.gov.uk/services/environment-and-planning/planning/development-and-population-information/Documents/city-of-london-brownfield-register-march-2020.csv,2020-03-25T00:00:00Z,,,2020-03-25
local-authority-eng:LND,https://www.cityoflondon.gov.uk/services/environment-and-planning/planning/development-and-population-information/Pages/development.aspx,2020-07-08,1e24194b662874b45683dd6ccb514c42673a3b77f14dc772311ead7bff0711a4,https://www.cityoflondon.gov.uk/services/environment-and-planning/planning/development-and-population-information/Documents/city-of-london_brownfieldregister_2018-11-28_update.csv,2019-11-30T00:00:00Z,,,2018-11-28
local-authority-eng:LND,,2019-10-20,e234950d52e91d65ee92ae3b8b97c5729ec97683a3e9285a45eb0e076f33668c,http://www.cityoflondon.gov.uk/services/environment-and-planning/planning/development-and-population-information/Documents/city-of-london_brownfieldregister_2017-11-16_rev0.csv,2018-05-22T00:00:00Z,,,2017-11-16
local-authority-eng:LUT,https://www.luton.gov.uk/Environment/Planning/Regional%20and%20local%20planning/evidence-base/Pages/default.aspx,2019-12-20,4d58e8ec4f1d06a475cc9798245239470c1364abb1945a1da90083d673da6c62,http://www.luton.gov.uk/Environment/Lists/LutonDocuments/Excel/HOU-014.csv,2018-05-22T00:00:00Z,,,2018-12-31
local-authority-eng:MAI,,2019-10-20,d5b5476c600cb106c1c3dd35f759b6b905ce1d3bbbc380a7ef54fb8eb3f61c72,http://www.maidstone.gov.uk/__data/assets/file/0009/163476/Brownfield-Land-Register-Part-1-2017.csv,2018-05-22T00:00:00Z,,,
local-authority-eng:MAN,https://secure.manchester.gov.uk/info/200074/planning/7293/brownfield_land_register,2020-03-20,dd3d40eec2969aeec60f84421c15c209665af8b62a91272a68fd53d7303e94c8,http://www.manchester.gov.uk/download/downloads/id/27392/2019_manchester_brownfield_register.csv,2020-03-09T00:00:00Z,,,2020-03-09
local-authority-eng:MAN,https://secure.manchester.gov.uk/info/200074/planning/7293/brownfield_land_register,2020-03-09,4a06bce8bfe7acd929b0bdd2ac601c2cbdd6919ea432e1e53b31885c3eaf7066,http://www.manchester.gov.uk/download/downloads/id/27296/2019_manchester_brownfield_land_register.xlsx,2020-02-28T00:00:00Z,,,2020-02-28
local-authority-eng:MAN,,2019-11-24,f218430a19d8518f1ffa8cbe7eeaab16d3cf846d50a66d188204ff0c5bda58b8,http://www.manchester.gov.uk/download/downloads/id/25609/2017_manchester_brownfield_register.csv,2018-05-22T00:00:00Z,,,
local-authority-eng:MAN,https://secure.manchester.gov.uk/info/200074/planning/7293/brownfield_land_register,2019-12-24,fbb4580a1a8fd699cf799d67ccfc6f7a963e815896e8488b098251151a8423d0,http://www.manchester.gov.uk/download/downloads/id/26553/2018_manchester_brownfield_land_register.csv,2019-11-24T00:00:00Z,,,
local-authority-eng:MAS,https://www.mansfield.gov.uk/brownfieldregister,2018-05-22,4a3653feb31a1dcb228a115dde5e72abb05f157120439b2f70fe58963eaaac20,http://www.mansfield.gov.uk/Brownfield_Register/Mansfield_brownfieldregister_2017-12-13_rev1.csv,2018-05-22T00:00:00Z,,,2017-12-13
local-authority-eng:MAV,https://www.malvernhills.gov.uk/planning/planning-policy/brownfield-land-register,2020-01-06,f7eb4732225c84eba8bb04092fb85c44fb4092ccd6d4adf4d0b1c3c846a78e1b,https://www.malvernhills.gov.uk/documents/283188/8873213/MalvernHillsBrownfieldLandRegister2017csv.csv/bfef9d76-453a-b239-de88-e24b02a172db,2019-12-11T00:00:00Z,,,2019-12-11
local-authority-eng:MAV,https://www.malvernhills.gov.uk/brownfield-land-register,2019-12-09,413cc9232f70a74c5aa410c80082c913b3184e14738e19490bd4d8c5164aeaee,https://www.malvernhills.gov.uk/documents/10558/9420541/Malvern+Hills+Brownfield+Land+Register+%28csv%29.csv/21407080-5145-d508-245e-115a0fe5b6cd,2019-11-24T00:00:00Z,,,2019-11-24
local-authority-eng:MAV,,2019-11-23,cd2ec6315afb318bd69a854ece5c827776d5c77f14acd7d50f4d4d1779eeb0c5,https://www.malvernhills.gov.uk/documents/283188/8873213/MalvernHillsBrownfieldLandRegister2017_csv.csv/cf458998-a008-58a4-4dfd-33e1f451e5f4,2018-07-05T00:00:00Z,,,
local-authority-eng:MDB,https://www.middlesbrough.gov.uk/planning-and-housing/planning/planning-policy/brownfield-land-register,2020-03-21,cf46ca1a4dd61f5ee33fe0e05a7f4cdaa8cb0c7b1e3144847aa11db1dcdf549e,https://middlesbrough.gov.uk/sites/default/files/Brownfield-sites-March-2019-update.csv,2019-12-14T00:00:00Z,,,
local-authority-eng:MEL,,2019-10-20,06bb90a22d3bcd347ef6231e3c4e49cbd686f057ea4f6427a0c107e4c8bfa3d5,https://anyfile.255bits.com/wix/download?id=2035f46e190b9f1b4fa9180991d28a90,2019-10-20T00:00:00Z,,,
local-authority-eng:MEN,,2019-11-19,003e505de03c812b8eca3f1828961770d33c530f5f1bb401f8cfce97bc7108f8,http://www.mendip.gov.uk/CHttpHandler.ashx?id=17256&p=0,2018-05-22T00:00:00Z,,,
local-authority-eng:MOL,,2020-04-29,40be6c0f029b6ee0d828b8e42a2c02ce8570c4b986f05ceaeb382ca016693849,https://www.molevalley.gov.uk/media.cfm?mediaid=37431,2018-05-22T00:00:00Z,,,
local-authority-eng:MOL,https://www.molevalley.gov.uk/index.cfm?articleid=35504,2020-04-29,5c26f46baecfd66f640724006a2ded9fe3af684daf07a5cb1f601a5d7542c6d4,https://www.molevalley.gov.uk/media.cfm?mediaid=49407,2019-12-14T00:00:00Z,,,
local-authority-eng:MRT,https://www2.merton.gov.uk/environment/planning/brownfield-land-register.htm,2020-03-26,4cdf6c2b4debfee964fab04c2607c7c70b7200ca3c8d597f03db2ec93d653e71,https://www2.merton.gov.uk/Merton%20Brownfield%20Register%202017%20Web%20Ready%20CSV%20Version.csv,2018-05-22T00:00:00Z,,,
local-authority-eng:NBL,,2020-03-11,0231c5a97fa63be2944720d73ad7bf31e159cf04045b275bd83635bcd06cd995,http://opendata.northumberland.gov.uk/static/datasets/brownfield-register/brownfield-register.csv,2018-05-22T00:00:00Z,,,
local-authority-eng:NDE,,2019-10-20,e8a09091da6ec2d3added43809b196176b082f34bf5fd94a517653b41d97fd98,http://www.northdevon.gov.uk/media/378118/brownfield-land-register-december-2017.csv,2018-05-22T00:00:00Z,,,
local-authority-eng:NDE,https://www.northdevon.gov.uk/planning-and-building-control/the-brownfield-land-register/,2019-12-10,890e184530f5e904fafb73802ff125fc03f099d03123521a8e63afa2f32406c2,https://www.northdevon.gov.uk/media/379152/brownfield-land-register-december-2018.xlsx,2019-11-30T00:00:00Z,,,
local-authority-eng:NDO,https://www.dorsetforyou.gov.uk/planning/north-dorset/planning-policy,2019-03-31,8f93bbdbbe015247e2087c6745b9d32f32eb771f342fffb876fef3e0cf442e87,https://www.dorsetforyou.gov.uk/planning-buildings-land/planning-policy/north-dorset-planning-policy/pdfs/north-dorset-brownfield-register-2017-12-20.csv,2018-07-05T00:00:00Z,,,2017-12-20
local-authority-eng:NED,https://www.ne-derbyshire.gov.uk/planning-and-local-plan/planning-policy-and-local-plan/monitoring/brownfield-land-register,2020-02-20,a26001953045fa4adbe8fba0255cae4798be23490e50e506a1fed9e15cec800b,https://www.ne-derbyshire.gov.uk/component/edocman/brownfield-land-register-csv,2020-02-20T00:00:00Z,,,2020-02-20
local-authority-eng:NED,https://www.ne-derbyshire.gov.uk/planning-and-local-plan/planning-policy-and-local-plan/monitoring/brownfield-land-register,2020-02-20,1302e6bf9ffc6f5469206d9c1ee3b3bc6a96366a9e164bb4fb7fe8a40adb1d89,https://www.ne-derbyshire.gov.uk/component/edocman/brownfield-land-register-2/download?Itemid=,2020-01-10T00:00:00Z,,,2019-10-22
local-authority-eng:NED,,2020-01-08,58a8a1753076006a9f60583aefc06cc1b7a6e4455819bf741425b14767d11f8b,http://www.ne-derbyshire.gov.uk/images/Repository/N/northeastderbyshire_brownfield_register_2017_10_31_rev1.csv,2018-05-22T00:00:00Z,,,2017-10-31
local-authority-eng:NED,https://www.ne-derbyshire.gov.uk/index.php/38-resident/planning-building/515-brownfield-land-register,2020-01-08,c35d9beb019bb3bcadbd1c40509694451552a93de32fa6d962186f00dd70d577,https://www.ne-derbyshire.gov.uk/images/brownfield_reg_19/northeastderbyshire_brownfield_register_rev2.csv,2019-12-14T00:00:00Z,,,
local-authority-eng:NEL,https://www.nelincs.gov.uk/planning-and-development/planning-policy/brownfield-land-register/#1513340245326-049d71e1-beb5,2020-09-24,841f78069615c1a85d3cd75216d9b5641a75c35719f7c99e0f5080c49cd422c0,https://www.nelincs.gov.uk/wp-content/uploads/2019/12/Brownfield-Land-Dec2019.csv,2019-12-19T00:00:00Z,,,2019-12-19
local-authority-eng:NEL,,2019-11-28,bce7569d1d19606de3c44205185479fdbab215ef80861ce21b273dec1a40a09f,https://www.nelincs.gov.uk/wp-content/uploads/2017/11/20171208-BrownfieldLandRegister-PublishedDec2017.csv,2018-05-22T00:00:00Z,,,
local-authority-eng:NEL,https://www.nelincs.gov.uk/planning-and-development/planning-policy/brownfield-land-register/#1513340245326-049d71e1-beb5,2019-12-19,8d140601b6cd1fc2eac1abb837b4477f6dba4e56c9fd0f4406fe6b6596052f46,https://www.nelincs.gov.uk/wp-content/uploads/2019/01/NEL-Brownfield-Register-2018.csv,2019-11-29T00:00:00Z,,,
local-authority-eng:NET,,2018-12-21,a2da9e1519a11e6ee870b959dcff94ff6e67d52dd16df9b227d89d3c1e2e73ff,https://files.datapress.com/leeds/dataset/newcastle-city-council-brownfield-sites/2017-12-21T09:31:53.54/Newcastle%20City%20Council_%20Brownfield%20Register_19-12-2017_rev1.csv,2018-05-22T00:00:00Z,,,2017-12-19
local-authority-eng:NEW,,2019-12-14,d427691604e00a4043e4e6ee3645a4c5eb1216c2113d1cf85e8c587e4974289c,http://www.newforest.gov.uk/CHttpHandler.ashx?id=35744&p=0,2018-05-22T00:00:00Z,,,
local-authority-eng:NGM,,2019-12-14,0da76a2308c23a2bf6d00c7808956e066d3d6c1a559535cef93d6974096b4e8f,http://geoserver.nottinghamcity.gov.uk/opendata/csv/spatial/ncc_Brownfield_Register.csv?t=636492720732997229,2018-05-22T00:00:00Z,,,
local-authority-eng:NOW,https://www.norwich.gov.uk/info/20022/planning_policy/2042/brownfield_land_register,2019-11-25,17c58d40147e984ca7745a54276942aed86cbf0c776c7af2c32b85194ef7823a,https://www.norwich.gov.uk/download/downloads/id/4288/brownfield_land_register.csv,2018-07-05T00:00:00Z,,,
local-authority-eng:NSM,https://www.n-somerset.gov.uk/my-services/planning-building-control/land-premises/residential-land/about-residential-land/,2020-07-09,850ec49276c9c5695cd550fd79c29254815f51d0e57826e81181321a0c498c3d,https://www.n-somerset.gov.uk/wp-content/uploads/2019/12/brownfield-sites.csv,2019-12-20T00:00:00Z,,,2019-12-20
local-authority-eng:NSM,,2020-07-09,78e64f6496412fa54b56c2989c8b00fa58e383f53f92458c1d56cf2a2f578019,http://www.n-somerset.gov.uk/wp-content/uploads/2015/11/northsomerset_brownfieldregister_2017-12-31_rev1.csv,2018-05-22T00:00:00Z,,,2017-12-31
local-authority-eng:NSM,https://www.n-somerset.gov.uk/my-services/planning-building-control/land-premises/residential-land/about-residential-land/,2020-07-09,341f7d137e678ab7c44a8d651d9bb50797d1b8e6bffbf802063fc7a35c96476a,https://www.n-somerset.gov.uk/wp-content/uploads/2018/12/North-Somerset-brownfield-register-2018.csv,2019-12-15T00:00:00Z,,,
local-authority-eng:NTY,,2019-10-20,7e7690617474d58f4cb271d66efbb3f802a71797c13011ac471fdd3f19c69d10,http://my.northtyneside.gov.uk/sites/default/files/web-page-related-files/northtyneside_brownfieldregister_2017-12-31_rev1.csv,2018-05-22T00:00:00Z,,,2017-12-31
local-authority-eng:NTY,https://my.northtyneside.gov.uk/category/1134/housing-and-employment,2020-01-23,5741717a7fca83081eecdd54dc1b8ceae275e1e20a2414642348da2e968b308d,http://northtyneside.limehouse.co.uk/file/5240299,2019-11-30T00:00:00Z,,,2017-12-21
local-authority-eng:NWM,,2019-10-20,c395ca289e55defc0aec432c4d05c26ecfd81c82635e833927811074a1fb494c,https://www.newham.gov.uk/Documents/Environment%20and%20planning/Newham%20Brownfield%20Register.csv,2018-05-22T00:00:00Z,,,
local-authority-eng:OAD,https://www.oadby-wigston.gov.uk/pages/brownfield_land_register,2020-09-19,149fc25ae7b0ee894d693abce0c3ccf66d0b31b5deda2380e1e3fd8a34490477,https://www.oadby-wigston.gov.uk/files/documents/brownfield_land_register_part_1_2019/Brownfield%20Land%20Register%20Part%201%202019.xlsm,2020-03-20T00:00:00Z,,,2020-03-20
local-authority-eng:OAD,https://www.oadby-wigston.gov.uk/pages/brownfield_land_register,2019-10-20,ea2c2980ee2e16484619fbc1db49abe02dfda9ed7195acdbaebcee215a788325,https://www.oadby-wigston.gov.uk/files/documents/brownfield_land_register_part_1_december_2017_update/Government%20Template%202016.2017%20%28complete%29.xlsm,2018-05-22T00:00:00Z,,,
local-authority-eng:OXO,https://www.oxford.gov.uk/info/20067/planning_policy/1240/oxford_brownfield_register,2020-04-03,cce0634f5ce01dcdcb129f8efdfa031e01738802cc26606e5118774b3c660273,https://www.oxford.gov.uk/download/downloads/id/4244/oxford_brownfield_register_-_december_2017_csv.csv,2018-05-22T00:00:00Z,,,
local-authority-eng:PEN,https://www.pendle.gov.uk/info/20072/planning_policies/351/brownfield_register,2020-03-11,a544ca5235a2d541bd7282e4bad334e84c9ea929ae53a4f1f9e351acd0533371,https://www.pendle.gov.uk/download/downloads/id/10040/pendle_brownfield_register_csv.csv,2018-05-22T00:00:00Z,,,
local-authority-eng:POL,,2019-03-31,7966e3070f15e56949ccbbd06c85453e555cea48f3c8f59c57a55ec4c17e55d2,http://archive.poole.gov.uk/EasySiteWeb/GatewayLink.aspx?alId=37772,2018-05-22T00:00:00Z,,,
local-authority-eng:POR,https://www.portsmouth.gov.uk/ext/development-and-planning/planning-policy/brownfield-land-register,2020-10-05,7103416a79ea9167bbd22962c7e78362f35c2c3895654a7bc1d14d35c211799d,https://www.portsmouth.gov.uk/ext/documents-external/pln-portsmouth-brownfieldregister-2018-12-12-rev2.0.csv,2019-12-15T00:00:00Z,,,2018-12-12
local-authority-eng:POR,,2020-10-05,5aa1392a00c75b2881d26da1372056f68499bc3319506339d95ab86e4409a537,https://www.portsmouth.gov.uk/ext/documents-external/portsmouth-brownfieldregister-2017-12-15-rev1.0.csv,2018-05-22T00:00:00Z,,,2017-12-15
local-authority-eng:PRE,https://www.preston.gov.uk/article/1196/Brownfield-Land-Register,2019-12-01,2a5c5ec6818d6dd622d725e7e084f549c4e64e67a5dfed261d3b95c24c99b47e,https://www.preston.gov.uk/GetAsset.aspx?id=fAAyADYANAA1ADIAfAB8AFQAcgB1AGUAfAB8ADAAfAA1,2019-12-01T00:00:00Z,,,2019-08-14
local-authority-eng:PRE,https://www.preston.gov.uk/yourservices/planning/planning-policy/brownfield-register/,2019-10-20,fa78f0d943aaba95d7fdf7c3fd6781c2c89c93a6073bbe150692f4e51fbe69ff,https://www.preston.gov.uk/GetAsset.aspx?id=fAAyADYANAA2ADUAfAB8AFQAcgB1AGUAfAB8ADAAfAA1,2019-12-01T00:00:00Z,,,2018-11-26
local-authority-eng:PRE,,2019-10-20,b23a400345f7ab54d3aa4fc0234c12addcaa5ff4baa4239fb31372ef625f4df9,http://www.preston.gov.uk/GetAsset.aspx?id=fAAyADUANAA5ADYAfAB8AFQAcgB1AGUAfAB8ADAAfAA1,2018-05-22T00:00:00Z,,,
local-authority-eng:PUR,https://www.dorsetforyou.gov.uk/planning-buildings-land/planning-policy/purbeck-planning-policy/brownfield-register-purbeck/brownfield-land-register.aspx,2019-03-31,ebf97bd43269f3cd64b503c68e4214946c7e33174fa0bf5135160046f944ab27,https://www.dorsetforyou.gov.uk/planning-buildings-land/planning-policy/purbeck/brownfield-register-purbeck/pdf/purbeck-brownfield-land-register-part-1.csv,2018-05-22T00:00:00Z,,,
local-authority-eng:PUR,https://www.dorsetforyou.gov.uk/planning-buildings-land/planning-policy/purbeck-planning-policy/brownfield-register-purbeck/brownfield-land-register.aspx,2019-03-31,fab8e79f5638d18cd31f4ffbeda260e42c31eaac184c5e2fa11ee5c7fffb218e,https://www.dorsetforyou.gov.uk/planning-buildings-land/planning-policy/purbeck-planning-policy/brownfield-register-purbeck/pdf/purbeck-brownfield-land-register-part-1.csv,2018-07-31T00:00:00Z,,,
local-authority-eng:RCC,https://www.redcar-cleveland.gov.uk/resident/planning-and-building/local-plan/Pages/HELAA-and-Brownfield-Register.aspx,2018-12-17,6a074f40b3d96977b652bf714f965ba93a6198f1cb4fb8c39a6e1507a2894a2a,http://www.redcar-cleveland.gov.uk/rcbcweb.nsf/E362D0843A70155880257D640049A543/%24FILE/redcarandcleveland_brownfieldregister_2017-11-10_rev1.csv,2018-05-22T00:00:00Z,,,2017-12-13
local-authority-eng:RDG,,2019-12-15,f51578d5fd97b9393038a880a9c3a63a700ad1921a1f55fcd0478b9e8e9c1147,http://www.reading.gov.uk/media/8111/Brownfield-Land-Register/xls/2017_Brownfield_Land_Register_Part_1.xlsx,2018-05-22T00:00:00Z,,,
local-authority-eng:REI,http://www.reigate-banstead.gov.uk/downloads/download/1956/brownfield_land_register_2019,2020-03-11,8ff0018db498fb3ec3e75c0b8cd550dd32e59fdb31dd3b5ee8118ac88038f8ea,http://www.reigate-banstead.gov.uk/downloads/file/5963/reigateandbanstead_brownfieldregister_2019-12-31_rev1csv,2019-12-20T00:00:00Z,,,2019-12-20
local-authority-eng:RIC,,2020-01-06,e74f26b4f5d9193ace0f891a320ef1a8d97949a52228a0702798c031d731f416,https://www.richmond.gov.uk/media/15291/brownfield_land_register.csv,2018-05-22T00:00:00Z,,,
local-authority-eng:RIC,https://www.richmond.gov.uk/services/planning/planning_policy/brownfield_land_register,2020-01-06,2f3a523d8b835409f6215b9a73855f793eceb19af595171be73cad9692c2bcb0,https://www.richmond.gov.uk/media/16642/brownfield_land_register.csv,2019-12-15T00:00:00Z,,,
local-authority-eng:RIH,,2019-10-20,3d0fc00839d1630e709568ab2a945f750464c3b393c1a4092fce93e21bd0650c,https://www.richmondshire.gov.uk/media/8380/brownfield-land-register-part-1-csv-format.csv,2018-05-22T00:00:00Z,,,
local-authority-eng:ROC,,2019-10-20,90f44961133cc290e2f97cf64817a6f21c5c7f4d6ad85a5a8cea95a2e91ca0bd,https://www.rochford.gov.uk/brownfield-register-2018-excel-file,2018-05-22T00:00:00Z,,,
local-authority-eng:ROC,https://www.rochford.gov.uk/planning-and-building/planning-policy/brownfield-register,2020-06-27,b7fa00489ff4bd8f0cacfaa5e71b3b5bad16389a8d6cf647d6f3cb3f4185f392,https://www.rochford.gov.uk/sites/default/files/RDC_BrownfieldLandRegister2019.pdf,2019-12-01T00:00:00Z,,,
local-authority-eng:ROH,,2019-12-15,4b9c39945acca38052aecfdf4fa53465883cd8ff23ed052d64262ad3a96da331,http://www.rother.gov.uk/CHttpHandler.ashx?id=29528&p=0,2018-05-22T00:00:00Z,,,
local-authority-eng:ROH,http://www.rother.gov.uk/BLR,2020-03-26,5da90f68b6c33afebaa28e9b90343c3843ae2043c9137ba32252c0aab6c5c096,https://www.rother.gov.uk/CHttpHandler.ashx?id=29528&p=0,2019-12-15T00:00:00Z,,,
local-authority-eng:ROS,,2019-12-20,74c7bf07392b0158a89b198d6fb3208bca1dc12f30cf096d82bd72b6a6e82135,https://www.rossendale.gov.uk/download/downloads/id/14159/rossendale_brownfield_land_register_csv_file.csv,2018-05-22T00:00:00Z,,,
local-authority-eng:ROS,https://www.rossendale.gov.uk/info/210144/planning_and_building_control/10637/more/2,2019-12-20,b28e95652a9e92853a251b0d30e8b768b55aff71db254ecddad39ea933a93555,https://www.rossendale.gov.uk/download/downloads/id/13822/pilot_brownfield_register_2016.csv,2019-12-15T00:00:00Z,,,
local-authority-eng:ROS,https://www.rossendale.gov.uk/info/210144/planning_and_building_control/10637/more/2,2019-12-30,859c67cabb75140743c6a268e82f9ccec52c4f339e38291d49a365149a09201a,https://www.rossendale.gov.uk/download/downloads/id/14612/rossendale_brownfield_land_register_2018_csv_file.csv,2019-12-15T00:00:00Z,,,
local-authority-eng:ROS,https://www.rossendale.gov.uk/info/210144/planning_and_building_control/10637/more/2,2019-12-20,021df06a2f3de271964ff0063e33082b62fb667ca6f4e30a3b85a63adc759bac,https://www.rossendale.gov.uk/download/downloads/id/14159/rossendale_brownfield_land_register_2017_csv_file.csv,2019-12-15T00:00:00Z,,,
local-authority-eng:ROT,https://www.rotherham.gov.uk/planning-development/brownfield-land-register/1,2019-11-03,e485663d18775f736b67125712aae6a442457b3283f1e38dc6b9d94ec202c1e1,http://www.rotherham.gov.uk/download/downloads/id/3375/brownfield_land_register_2017.csv,2018-05-22T00:00:00Z,,,
local-authority-eng:RUG,https://www.rugby.gov.uk/info/20004/planning_strategy/363/brownfield_land_register,2020-01-06,0cc394aaa08fbe2f79dd179a741c980542ebe935e52902cabba83c0b1dce4def,https://www.rugby.gov.uk/downloads/file/1475/brownfield_land_register_csv,2019-12-15T00:00:00Z,,,
local-authority-eng:RUH,https://www.rushmoor.gov.uk/article/10524/Brownfield-land-register,2020-02-20,6c6b1bc59e8583279ce990fb4e9bbcbf92eca0445799ab84be080a88d37ed6b3,http://data.rushmoor.gov.uk/Datasets/Open/Brownfield%20Register/rushmoor_brownfieldregister_2018-12-10_rev2.csv,2019-11-23T00:00:00Z,,,2019-11-22
local-authority-eng:RUH,https://www.rushmoor.gov.uk/article/10524/Brownfield-land-register,2019-11-22,4addebbee6965f941ef1bbbfe240294e11829fd19075037f213483eeebf5a9fc,http://data.rushmoor.gov.uk/Datasets/ThirdPartyLicensed/Brownfield%20Register/rushmoor_brownfieldregister_2018-12-10_rev2.csv,2017-12-13T00:00:00Z,,,2017-12-13
local-authority-eng:RUS,https://www.rushcliffe.gov.uk/planningpolicy/brownfieldregister/,2020-05-14,c69886f913548000a4cdd98a8d84bff2ee05f8980c176c7c04b247c5f47b02a6,https://www.rushcliffe.gov.uk/media/1rushcliffe/media/documents/excel/planningandbuilding/planningpolicy/rushcliffe_brownfieldregister_2018_12_19_rev1.csv,2019-12-01T00:00:00Z,,,2018-12-19
local-authority-eng:RUS,https://www.rushcliffe.gov.uk/planningpolicy/brownfieldregister/,2019-10-20,4f7f4d18b543d1be54691efea8c449f8ec0f2aed498789d199b37a5b70004c4e,http://www.rushcliffe.gov.uk/media/1rushcliffe/media/documents/excel/planningandbuilding/planningpolicy/rushcliffe_brownfieldregister_2017_12_19_rev1.csv,2018-05-22T00:00:00Z,,,2017-12-19
local-authority-eng:RYE,https://www.ryedale.gov.uk/planning/brownfield-land-register.html,2019-10-20,b3e7831544378359078c65e673984c266e777dbc082a90ff816680d84749c807,https://www.ryedale.gov.uk/attachments/category/1818/ryedale_brownfieldregister_2017-12-22_rev2.csv,2018-05-22T00:00:00Z,,,2017-12-22
local-authority-eng:SAL,https://www.stalbans.gov.uk/planning/Planningpolicy/brownfield.aspx,2020-02-03,241972008f313fe53ba8a803d59267f7ef5edc87f56188b1883dff3265131e71,https://www.stalbans.gov.uk/Images/SP_CSV_st-albans_brownfieldregister_2018-12-31_rev1_tcm15-66446.csv,2019-12-01T00:00:00Z,,,2018-12-31
local-authority-eng:SAL,,2019-10-20,07bb3bc6632d16034fb6d40b061e09db860161c01ac3c26741d771f3f5f22e29,https://www.stalbans.gov.uk/Images/SP_CSV_st-albans_brownfieldregister_2017-12-31_rev1_tcm15-62593.csv,2018-05-22T00:00:00Z,,,2017-12-31
local-authority-eng:SBU,https://southbucks.gov.uk/planning/brownfieldregister,2019-10-20,39c3d4022b99fbd6db2aed04c7a48eb1db6f8d30a9da7bcf91a6c5f680dfdd0f,http://www.southbucks.gov.uk/media/11736/SB-Brownfield-Register-Part-1/CSV/SB_Brownfield_Register_-_Part_1.csv,2018-05-22T00:00:00Z,,,
local-authority-eng:SCA,,2019-11-25,d580cfc602b4722e92b8ebd933c442a2f8d6a1cfd7191595189002cd3365a8f1,http://opendata.cambridgeshireinsight.org.uk/files/ci_opendata/South%20Cambridgeshire%20Brownfield%20Register%202017.csv,2018-07-05T00:00:00Z,,,
local-authority-eng:SDE,,2019-10-20,53862e51660e3525fdc167cd4540dcad5e0aea9423419c18eb10d1d84b320ba7,http://www.south-derbys.gov.uk/assets/attach/3720/South-Derbyshire_brownfieldregister_2017-12-31_rev1.excel.csv,2018-05-22T00:00:00Z,,,2017-12-31
local-authority-eng:SEL,,2019-12-15,0be9dfbaa22ce04086608c043c41895c455d4e5fccd042263d6ae6b62442d49b,http://www.selby.gov.uk/sites/default/files/Selby_Brownfield_Register_Final_V2_0.xlsx,2018-05-22T00:00:00Z,,,
local-authority-eng:SEV,,2019-10-20,a8322a414d84c701f8e7dceb55496ed6dde86384cd0ac582d196bebfc74e012e,https://www.sevenoaks.gov.uk/download/downloads/id/1042/brownfield_land_register_-_december_2017.xlsx,2018-05-22T00:00:00Z,,,
local-authority-eng:SGC,https://beta.southglos.gov.uk/planning-authority-monitoring-reports/,2020-01-10,b26cbe44a7597472d76731bf035f70a6fbefbf220e763080e20d752a16140181,https://beta.southglos.gov.uk/wp-content/uploads/south_gloucestershire_brownfieldregister_2019_12_20.csv,2019-12-22T00:00:00Z,,,2019-12-20
local-authority-eng:SGC,,2019-12-15,30f98b7dfaa4a80fd9486f3f587de9ea266b881e990de20d729af86bcbbc8878,http://www.southglos.gov.uk//documents/south_gloucestershire_brownfieldregister_2017_12_21.csv,2018-05-22T00:00:00Z,,,2017-12-21
local-authority-eng:SHA,https://www.southhams.gov.uk/article/4291/Brownfield-Land-Register,2019-10-20,4389808f9212081314f3835ec232af2bde804e431e2b788201e9a233fd74f4c3,https://www.southhams.gov.uk/media/2527/south-hams-brownfieldregister-2017-12-22-rev1/xls/south-hams_brownfieldregister_2017-12-22_rev1.xlsx,2018-05-22T00:00:00Z,,,2017-12-22
local-authority-eng:SHA,https://www.southhams.gov.uk/article/4291/Brownfield-Land-Register,2020-03-07,4cdc6f2241171509157b09531609bf69e42339fcda094d1032d9cb5f13550854,https://www.southhams.gov.uk/media/4658/South-Hams-Brownfield-Land-Register-2018/pdf/SH_Brown_Field_Register_2018.pdf,2019-12-01T00:00:00Z,,,
local-authority-eng:SHE,https://www.folkestone-hythe.gov.uk/planning/planning-policy/brownfield-register,2019-12-17,2f20fc006c85682cfabb883ca81172e881ae96b9f6f5a45ebd1f61f40c0ae530,https://www.folkestone-hythe.gov.uk/media/4661/Brownfield-Register/Files/Brownfield_land_register_Nov_2017_v2.xlsx,2018-05-22T00:00:00Z,,,
local-authority-eng:SHE,http://www.shepway.gov.uk/planning/planning-policy/brownfield-register,2019-11-25,a23863e6b1969f88b0b7bad3e35281b264f1a702482d24f7aa4b0962c5d41270,http://www.shepway.gov.uk/media/4661/Shepway-Brownfield-Register/Files/Brownfield_land_register_Nov_2017_v2.xlsx,2018-07-11T00:00:00Z,,,
local-authority-eng:SLG,http://www.slough.gov.uk/council/strategies-plans-and-policies/brownfield-register.aspx,2019-12-10,402b7730d4c43b17c792a2b8ce91bc140ae377918f17f994171956a1d34c1bfb,http://www.slough.gov.uk/downloads/slough_brownfieldregister_2018-12-13.csv,2019-12-01T00:00:00Z,,,2018-12-13
local-authority-eng:SLG,,2019-10-20,92def502a180fe1a604226d9032550cc2bd104df2e2bf6f373d6ea22bd2ac36f,http://www.slough.gov.uk/downloads/slough_brownfield_land_register_01-12-2017.csv,2018-05-22T00:00:00Z,,,2017-12-01
local-authority-eng:SNR,,2019-12-14,5516507edfe865ae0f28f0f5ee2dc60d35a883fb7455e24b6c3c1f871446e322,https://www.southnorthants.gov.uk/download/downloads/id/3248/snc-brownfield-land-register-20175.csv,2018-05-22T00:00:00Z,,,
local-authority-eng:SNR,https://www.southnorthants.gov.uk/downloads/download/527/brownfield-land-register,2020-07-15,79ab0f72bcfe4bf223c9d157504dff224377d3f779c83e9c450735525b476331,https://www.southnorthants.gov.uk/download/downloads/id/3248/snc-brownfield-land-register-2018.csv,2019-12-14T00:00:00Z,,,
local-authority-eng:SOL,http://www.solihull.gov.uk/blr,2019-10-20,7867c9be8d2968316ef8c6a4a25748fa314a1a1dc9da20509bdd8fb489765dbf,http://www.solihull.gov.uk/Portals/0/Planning/solihull-brownfield-register_2018-03-23.csv,2018-05-22T00:00:00Z,,,2018-03-23
local-authority-eng:SOS,https://www.southend.gov.uk/info/200160/local_planning_framework/811/southend_brownfield_land_register,2020-06-18,24debc8763d023064d3a96633e3386f410808691bf2b133a9085b8112b8601e1,http://www.southend.gov.uk/download/downloads/id/5346/southend_brownfield_register_2017-03-31_rev1.csv,2018-05-22T00:00:00Z,,,2017-03-31
local-authority-eng:SOX,http://www.southoxon.gov.uk/services-and-advice/planning-and-building/planning-policy/brownfield-land-register,2020-02-28,c024c450c009a17cc094f3f0dfc7a480cefe96aa80aa0b9b5c6d3581b1cf09d2,http://www.southoxon.gov.uk/sites/default/files/2018_12_21%20Brownfield%20Register_South%20Oxfordshire.csv,2019-12-01T00:00:00Z,,,2018-12-21
local-authority-eng:SOX,http://www.southoxon.gov.uk/services-and-advice/planning-and-building/planning-policy/brownfield-land-register,2020-02-28,a48a52d9ff3d161311374c7f89c210c7dfece07b0c397e69509da81c75acdeba,http://www.southoxon.gov.uk/sites/default/files/2017.11.17_SODC_Brownfield%20Land%20Register.xlsm,2018-05-22T00:00:00Z,,,
local-authority-eng:SRI,https://www.southribble.gov.uk/content/housing-land-availability,2020-07-18,5c3254f517abe995dc9c788723d12c4f8dce5c3323770839ca44dad16db37b3f,https://www.southribble.gov.uk/sites/default/files/Copy%20of%20southribble_brownfieldregister_2019-07-04_rev3%20%28002%29.csv,2019-11-25T00:00:00Z,,,2019-07-04
local-authority-eng:SRI,https://www.southribble.gov.uk/content/housing-land-availability,2017-09-29,2198ee2ac5494ef240e958b9e884e84e8ca1c1ef988fa820785ce6440cfeb673,https://www.southribble.gov.uk/sites/default/files/southribble_brownfieldregister_2017-09-29_rev1_0.csv,2018-05-22T00:00:00Z,,,2017-09-29
local-authority-eng:SRI,https://www.southribble.gov.uk/content/housing-land-availability,2019-11-24,a64a53f87e9aa5cebcbf7ef2577a6d068e21f34553b9eaeccf2ab92bb724ddb9,https://www.southribble.gov.uk/sites/default/files/southribble_brownfieldregister_2017-09-29_rev1.csv,2019-11-25T00:00:00Z,,,2017-09-29
local-authority-eng:SRI,https://www.southribble.gov.uk/content/housing-land-availability,2020-07-18,535211a9c9b5e9824bacb70ed61c38dedf4b95efc2f9a5c0a196f5fcfc5953cf,https://www.southribble.gov.uk/sites/default/files/South%20Ribble%20Brownfield%20Register%20-%20June%202016.csv,2019-11-25T00:00:00Z,,,2016-06-01
local-authority-eng:SSO,https://www.southsomerset.gov.uk/your-council/your-council-plan-and-strategies/planning-policy/brownfield-sites-register/,2019-11-24,4258c4f0f546a6616a1630ef113d6f7b48949bed33c84510908e2dc642bffe34,https://www.southsomerset.gov.uk/media/903585/southsomerset_brownfield_register_2017-11-16_rev1.csv,2018-05-22T00:00:00Z,,,2017-11-16
local-authority-eng:SSO,https://www.southsomerset.gov.uk/your-council/your-council-plan-and-strategies/planning-policy/brownfield-sites-register/,2020-03-27,0f6152e272209760b0867036af37fe5ac15f0b9a0605eb32870400e0e34b98c3,https://www.southsomerset.gov.uk/media/2550/j-plan_pol-web-site-2019-brownfield-register-interim-csv.csv,2019-11-24T00:00:00Z,,,
local-authority-eng:STA,https://www.staffordbc.gov.uk/brownfield-land-register,2019-10-20,b10867fc84f63009cb91b7a3036d80e37b0fba343c8068b2909581b94eb3a388,https://www.staffordbc.gov.uk/sites/default/files/cme/DocMan1/Planning%20Policy/Brownfield%20Land%20Register/Brownfield-Land-Register.csv,2018-05-22T00:00:00Z,,,
local-authority-eng:STA,https://www.staffordbc.gov.uk/brownfield-land-register,2019-12-01,733e2a9821b8fbb87578e5f141bfa5b499db1edaf9fc4a9f323d4bcd41af11ad,http://www.staffordbc.gov.uk/live/Documents/Planning%20Policy/Brownfield%20Land%20Register/Brownfield-Land-Register.csv,2019-12-01T00:00:00Z,,,
local-authority-eng:STE,https://www.stoke.gov.uk/downloads/download/536/register_of_stoke-on-trent_brownfield_sites,2019-12-24,b63e0b9acc16a30bbfd8c594811a54ebc4da25b4b1a700c7f8bbb3f8d503e989,https://www.stoke.gov.uk/download/downloads/id/977/register_of_stoke-on-trent_brownfield_sites.csv,2018-05-22T00:00:00Z,,,
local-authority-eng:SUF,,2019-03-31,e36c3221b2c522b4139e5da6bffdf09dc7981ab7bd4958849e154603bb4c8a7d,http://www.eastsuffolk.gov.uk/assets/Planning/Brownfield-Land-Register/Suffolk-Coastal-Brownfield-Land-Register.csv,2018-05-22T00:00:00Z,,,
local-authority-eng:SWD,,2019-10-20,cea1f1cff00166543cd54c49c6c7a53286a789df75c40b8445909347591173a7,https://www.swindon.gov.uk/download/downloads/id/3349/swindon_brownfieldregister_2017-12-21_rev1.csv,2018-05-22T00:00:00Z,,,2017-12-21
local-authority-eng:SWK,http://www.southwark.gov.uk/planning-and-building-control/planning-policy-and-transport-policy/brownfield-land-register,2019-11-01,c0a5838c8daf0ad8503b0a15e2ad864567c23a3cdccf0b5ebaed9a9040714540,https://www.southwark.gov.uk/assets/attach/5763/Southwark%20Brownfield%202017.xlsx,2018-05-22T00:00:00Z,,,
local-authority-eng:SWK,http://www.southwark.gov.uk/planning-and-building-control/planning-policy-and-transport-policy/brownfield-land-register,2020-03-31,b9fdb69c8b65e457c6bd676ac5f98d906bf6ff0f098ec3bb81c69da61a182f91,https://www.southwark.gov.uk/assets/attach/5763/Southwark-Brownfield-2017.xlsx,2019-10-20T00:00:00Z,,,
local-authority-eng:SWL,https://www.swale.gov.uk/brownfield-land-register/,2019-10-20,523ddd28fa3ba054c9173e60294de89f0afa5e5d1617ce7a5617cf2ad6bd62b3,https://archive.swale.gov.uk/assets/Planning-General/Planning-Policy/Brownfield-Land-Register/Brownfield-Land-Register-for-Website-PROTECTED-VERSION.xlsx,2018-05-22T00:00:00Z,,,
local-authority-eng:TAU,,2019-03-31,4583e9bee7aee3e192783ce85a84a0ae34dc6f1aacaa22edf50913e4d2b3f555,https://www.tauntondeane.gov.uk/media/2205/taunton-deane_brownfieldregister_2017-12-31_rev1.csv,2018-05-22T00:00:00Z,,,2017-12-31
local-authority-eng:TEI,https://www.teignbridge.gov.uk/planning/local-plans-and-policy/evidence-facts-and-monitoring/brownfield-land-register/,2020-08-14,2d910b7c3c7e1f87b2662f644863d66e52f0c80166d9304187491ea2e6f43643,https://www.teignbridge.gov.uk/media/8834/brownfieldlandregisterteignbridge2019.csv,2020-03-13T00:00:00Z,,,2020-03-13
local-authority-eng:TEI,https://www.teignbridge.gov.uk/planning/local-plans-and-policy/evidence-facts-and-monitoring/brownfield-land-register/,2020-08-14,c5aad3633bd009dad7f20ff733d79cf7cc4a4a57acd0987ef4dd3fe77a6c3e2a,https://www.teignbridge.gov.uk/media/8707/brownfieldlandregisterteignbridge2019.csv,2020-02-06T00:00:00Z,,,2020-02-06
local-authority-eng:TEI,https://www.teignbridge.gov.uk/planning/local-plans-and-policy/evidence-facts-and-monitoring/brownfield-land-register/,2020-08-14,ad899eafdfc899170150b2510e80daf8133a6ce61aabac9f264442061561dc81,https://www.teignbridge.gov.uk/media/7724/2018-brf.xlsx,2019-12-01T00:00:00Z,,,2019-01-10
local-authority-eng:TEI,https://www.teignbridge.gov.uk/planning/local-plans-and-policy/housing-site-registers/,2020-01-29,1aa21a299c082939cc0e48d3fc652b6b3184a679d48877e0bc873396328cc341,https://www.teignbridge.gov.uk/media/7736/2018-brf.xlsx,2019-12-01T00:00:00Z,,,2018-01-10
local-authority-eng:TEI,,2019-10-20,526a452264213e2ab071c9adf5840847c5420bb0b419c10b836eca987e503d82,https://www.teignbridge.gov.uk/media/6172/brownfieldlandregisterteignbridge2017.csv,2018-05-22T00:00:00Z,,,
local-authority-eng:TEI,https://www.teignbridge.gov.uk/planning/local-plans-and-policy/housing-site-registers/,2020-08-14,d568f4d0c63f8f1b8693cfbdf93a457b82f5b5119ce71851eda51145cdf18092,https://www.teignbridge.gov.uk/media/8648/brownfieldlandregisterteignbridge2017.csv,2020-03-13T00:00:00Z,,,
local-authority-eng:TEI,https://www.teignbridge.gov.uk/planning/local-plans-and-policy/housing-site-registers/,2020-08-14,f9f24cb438a0443f7ae61ce75eba8c8cd3cb40d0b287ab91ac9e6953f5100859,https://www.teignbridge.gov.uk/media/8651/brownfieldlandregisterteignbridge2018.csv,2020-03-13T00:00:00Z,,,
local-authority-eng:TEW,,2019-10-20,64bf376548868083ae5df39a1982049dc112bc7d79ebf4edfbaee1343b2c3281,https://drive.google.com/open?id=1sc3-QVE9dEmkjwSEzp-DTHWNw7LAK_rh,2018-05-22T00:00:00Z,,,
local-authority-eng:TEW,https://www.tewkesbury.gov.uk/planning-policy-evidence-base#brownfield-land-register,2019-12-02,4b132cfbf2bd86472fb5443af03a897e4b7343b3aede3ca8b320668d0c620a19,https://tewkesburyborough-my.sharepoint.com/:x:/g/personal/website_tewkesburyborough_onmicrosoft_com/Eb9ap8Rk7ElBlaJefaE65YwBnPNnjXnN5HeNfs7bh8zuFQ?e=ac1vOo,2019-12-01T00:00:00Z,,,
local-authority-eng:TFW,http://www.telford.gov.uk/info/20172/planning_policy_and_strategy/3270/brownfield_register,2019-11-01,426e75c59757d4d92f7a524479b3ae6a021106adc8dd3ec7cba1e36c1529487b,http://www.telford.gov.uk/downloads/file/5092/telford_and_wrekin_brownfieldregister_2016-12-01_rev1_csv,2018-05-22T00:00:00Z,,,
local-authority-eng:THA,https://www.thanet.gov.uk/info-pages/brownfield-land-register/,2018-07-01,567cc8b567f998f53296b08a562bc6e890e60633df2f02f29561eebe4905f1e1,https://www.thanet.gov.uk/media/4078482/BrownfieldLandRegisterThanetDC.csv,2018-07-01T00:00:00Z,,,
local-authority-eng:THR,https://www.thurrock.gov.uk/brownfield-land/potential-sites-for-development,2020-05-28,7df14c1993fe3ef6f971a0582ca9ad85f12ca4408720c70025b2d50f52f6dbf7,https://www.thurrock.gov.uk/sites/default/files/assets/documents/brownfield-register-201904-v01.csv,2019-12-01T00:00:00Z,,,2019-04-01
local-authority-eng:THR,https://www.thurrock.gov.uk/brownfield-land/potential-sites-for-development,2019-10-20,57860902e7261ffd253951d013a5e20e8d56c6bde9b52cf3e2693d60cceafacb,https://www.thurrock.gov.uk/sites/default/files/assets/documents/brownfield-register-201712-v04.csv,2018-05-22T00:00:00Z,,,2017-12-01
local-authority-eng:TOB,,2019-10-20,5bde6d1e99b71361d2390353aca4951a9a90bedbb8b521846513b43793f428e5,http://www.torbay.gov.uk/media/10578/torbay_pilotbrownfieldregister_2017-12-31_rev1.csv,2018-05-22T00:00:00Z,,,2017-12-31
local-authority-eng:TOB,https://www.torbay.gov.uk/council/policies/planning-policies/local-plan/brownfield-register/,2019-12-19,316fa7fae2f366aaacae9c79a508203a38a1b6c13bab79a49492bbc2b346d23f,https://www.torbay.gov.uk/media/12172/torbay-pilotbrownfieldregister.xlsx,2019-12-01T00:00:00Z,,,
local-authority-eng:TUN,http://www.tunbridgewells.gov.uk/residents/planning/planning-policy/brownfield-register-for-tunbridge-wells-borough,2020-03-06,ab0c8a326b8efa3ebe9d431e82cf2327ebcad88688b9380b71b90fe752c94e23,http://www.tunbridgewells.gov.uk/__data/assets/file/0017/321830/Final_Brownfield_Register_2019-1.csv,2019-12-24T00:00:00Z,,,2019-12-24
local-authority-eng:TUN,http://www.tunbridgewells.gov.uk/residents/planning/planning-policy/brownfield-register-for-tunbridge-wells-borough,2019-12-24,fe474ebb97135e83ecc9c339df17b44da038eb60dd00965e6665967f6e8dba3f,http://www.tunbridgewells.gov.uk/__data/assets/file/0003/161166/604A2CC63BE467A4E0531401A8C0C3FA_TWBC_Brownfield_Register.csv,2018-05-22T00:00:00Z,,,
local-authority-eng:TUN,http://www.tunbridgewells.gov.uk/residents/planning/planning-policy/brownfield-register-for-tunbridge-wells-borough,2019-12-24,acf7ca21710fcfbd685b35e97f6d6035d79b1300e575700e8743e569ac0ddab0,http://www.tunbridgewells.gov.uk/__data/assets/file/0010/243928/7F82183D0C68217BE0531401A8C02CC2_Final_Register.csv,2019-12-15T00:00:00Z,,,
local-authority-eng:UTT,https://www.uttlesford.gov.uk/article/4921/Brownfield-land-register,2019-11-01,605cf88aa50a8763fb1d114812aa8e71ac9bc05d65b463e577dc9f63cb2c1b5e,https://www.uttlesford.gov.uk/CHttpHandler.ashx?id=7478&p=0,2018-05-22T00:00:00Z,,,2018-01-04
local-authority-eng:VAL,,2020-05-18,5541b4d9aa4bf5446407e044af86f897f3242d7f4ea85bd6ab848e21f71bd7cf,http://www.whitehorsedc.gov.uk/sites/default/files/2018_12_21%20Brownfield%20Register_%20Vale_1.csv,2019-12-01T00:00:00Z,,,2018-12-21
local-authority-eng:VAL,http://www.whitehorsedc.gov.uk/services-and-advice/planning-and-building/planning-policy/brownfield-land-register,2020-05-18,a0eaf71644f390edc1392bbdefa7da1096572476444455ee179ff1c4c0376f32,http://www.whitehorsedc.gov.uk/sites/default/files/2017_12_06%20Brownfield%20Register.csv,2018-05-22T00:00:00Z,,,2017-12-06
local-authority-eng:WAT,,2019-12-11,e00fb59b661b6e0256226e748cfe24bb1b472bd96ca486814d42d6aa08969a3d,https://www.watford.gov.uk/download/downloads/id/1950/watford_brownfield_land_register.csv,2018-05-22T00:00:00Z,,,
local-authority-eng:WAW,https://www.warwickdc.gov.uk/info/20376/planning_policy/1199/brownfield_register,2020-01-01,8fcb091366e6c367e81d80fa5a10a3df2a8d1918577f9f3ae74819b74f87573c,https://www.warwickdc.gov.uk/downloads/file/4705/brownfield_register_2017_-_csv.csv,2019-12-15T00:00:00Z,,,
local-authority-eng:WBK,,2019-12-15,c8c6b0b40e6a997d415e3e333a25d253f9dda6146058bc7279c1afe04ed27307,http://info.westberks.gov.uk/CHttpHandler.ashx?id=45003&p=0,2018-05-22T00:00:00Z,,,
local-authority-eng:WDE,https://www.westdevon.gov.uk/article/4292/Brownfield-Land-Register,2019-11-24,305a1c6a1b62c815468a684388744703eef4266317eb317b17a9505746d51bc0,https://www.westdevon.gov.uk/media/2525/west-devon-brownfieldregister-2017-12-22-rev1/xls/west-devon_brownfieldregister_2017-12-22_rev1.xlsx,2018-05-22T00:00:00Z,,,2017-12-31
local-authority-eng:WDO,https://www.dorsetforyou.gov.uk/planning-buildings-land/planning-policy/west-dorset-and-weymouth-portland-planning-policy/local-plan-review/strategic-housing-and-economic-land-availability-assessment.aspx,2019-03-31,4e28e7e6658f213da621f843753a1037bd584d2fa3e5a11d2d2dc02d0e0619f3,https://www.dorsetforyou.gov.uk/planning-buildings-land/planning-policy/west-dorset-and-weymouth-portland-planning-policy/local-plan-review/pdf/strategic-housing/west-dorset-district-council-brownfield-register-3rd-december-2017.csv,2018-05-22T00:00:00Z,,,
local-authority-eng:WEA,http://www.wealden.gov.uk/Wealden/Residents/Planning_and_Building_Control/Planning_Policy/BrownfieldRegister/PPolicy_Brownfield_Register.aspx,2019-11-01,3113804a57d33834a8252682098ed73645ba392530a6e795db17fee93c912224,http://www.wealden.gov.uk/nmsruntime/saveasdialog.aspx?lID=23503&sID=6536,2018-05-22T00:00:00Z,,,
local-authority-eng:WEA,http://www.wealden.gov.uk/Wealden/Residents/Planning_and_Building_Control/Planning_Policy/BrownfieldRegister/PPolicy_Brownfield_Register.aspx,2020-01-22,bc72c239e3007187e0e0131e57a251f0fe11d00ddd75b898803e674ad4f44bbe,http://www.wealden.gov.uk/nmsruntime/saveasdialog.aspx?lID=25288&sID=6536,2019-10-20T00:00:00Z,,,
local-authority-eng:WEW,,2019-10-20,b771ecb1513899d4840bb9a7765973ccefdc78e83b541dade813b3419d98b5b3,http://welhat.gov.uk/CHttpHandler.ashx?id=12816&p=0,2018-05-22T00:00:00Z,,,
local-authority-eng:WEY,https://www.dorsetforyou.gov.uk/planning-buildings-land/planning-policy/west-dorset-and-weymouth-portland-planning-policy/local-plan-review/strategic-housing-and-economic-land-availability-assessment.aspx,2019-03-31,4e28e7e6658f213da621f843753a1037bd584d2fa3e5a11d2d2dc02d0e0619f3,https://www.dorsetforyou.gov.uk/planning-buildings-land/planning-policy/west-dorset-and-weymouth-portland-planning-policy/local-plan-review/pdf/strategic-housing/west-dorset-district-council-brownfield-register-3rd-december-2017.csv,2018-05-22T00:00:00Z,,,
local-authority-eng:WEY,https://www.dorsetforyou.gov.uk/planning-buildings-land/planning-policy/west-dorset-and-weymouth-portland-planning-policy/local-plan-review/strategic-housing-and-economic-land-availability-assessment.aspx,2019-03-31,001a20438f6d8a3e0ae901fbff576fb64dcd41b223939094e7d38d363c94b2da,https://www.dorsetforyou.gov.uk/media/224215/Weymouth--Portland-Borough-Council---Brownfield-Register-3rd-December-2017/doc/20171219_WPBC_SHELAA_Export.csv,2019-12-01T00:00:00Z,,,
local-authority-eng:WIL,http://www.wiltshire.gov.uk/planning-brownfield-register,2020-08-20,c3f3786b320119d81fa0230f54fc05496ed90a8fa57f2672dd51b49c55f63794,http://www.wiltshire.gov.uk/downloads/15681,2019-12-15T00:00:00Z,,,
local-authority-eng:WIL,http://www.wiltshire.gov.uk/planning-brownfield-register,2020-08-20,4eea0bf8a68d2619dfa1cfe867c8398ae15725524cf265a9ac55dc0bd4bab47c,http://www.wiltshire.gov.uk/downloads/10793,2019-12-22T00:00:00Z,,,
local-authority-eng:WIN,,2019-12-15,48b44cd7af3b861361c22a90c915c6c87a0c768531fd1b266c2e5654556f6f42,http://www.winchester.gov.uk/assets/attach/13774/Brownfield%20Land%20Register%202017.csv,2018-05-22T00:00:00Z,,,
local-authority-eng:WKF,,2019-10-20,8ab220cb943c5d238a90e3072430c908f908e956a36878d9c88d24382deac4ae,http://www.wakefield.gov.uk/Documents/planning/planning-policy/wakefield_brownfieldregister_2017-12-31_rev1.csv,2018-05-22T00:00:00Z,,,2017-12-31
local-authority-eng:WLI,,2019-12-02,8417e95dd1c7e4b23ea89532c4e28428beebd763d7e3da9918a54e5a4600db5d,https://www.west-lindsey.gov.uk/EasySiteWeb/GatewayLink.aspx?alId=55646,2018-05-22T00:00:00Z,,,
local-authority-eng:WLV,http://www.wolverhampton.gov.uk/article/2423/Housing-Site-Information,2019-10-20,483fc2cbbec9d5a02db17584b7fcfec977b691b9432e1345aec316c1698babcb,http://wolverhampton.maps.arcgis.com/apps/webappviewer/index.html?id=2e36e2eff14e40c480194b42b33a0abc,2018-05-22T00:00:00Z,,,
local-authority-eng:WLV,http://www.wolverhampton.gov.uk/article/2423/Housing-Site-Information,2019-11-25,4b6ea71c173e6b5225b4ceebfa52d1dce369e2bd85e7feac83a7d4e2513690ab,https://s3.eu-west-2.amazonaws.com/digital-land/brownfield-sites/Wolverhampton+Brownfield+Register+2018.csv,2018-07-31T00:00:00Z,,,
local-authority-eng:WND,http://www.wandsworth.gov.uk/info/200237/local_plan_-_evidence_base/2305/brownfield_land_register,2019-12-19,0bf8d6366e1fb2bc354ed82ad2214339594c239fa07e6f48dd0d9cdd296fa3c5,https://www.wandsworth.gov.uk/media/1833/brownfield_land_register.csv,2019-11-19T00:00:00Z,,,2019-11-19
local-authority-eng:WND,http://www.wandsworth.gov.uk/info/200237/local_plan_-_evidence_base/2305/brownfield_land_register,2019-11-19,03400eeced438d15efc6cdcae6b3292edb4658ec4736fc8176947eab61ee993a,http://www.wandsworth.gov.uk/downloads/file/13103/brownfield_land_register_csv,2018-05-22T00:00:00Z,,,
local-authority-eng:WNM,https://www3.rbwm.gov.uk/info/201039/non-development_plan/1354/registers,2020-09-19,484f9a9b0b6c2fd6fb5f5150b9534df9caa4be31a781ad2facfdb044e518fab0,https://www3.rbwm.gov.uk/download/downloads/id/3583/brownfield_register.csv,2018-05-22T00:00:00Z,,,
local-authority-eng:WOC,,2019-12-10,ba973a5d5a0e1b75eea7e25cc2328e2fc542f29da9d717ad436aa78e5313bd06,https://www.worcester.gov.uk/documents/10499/8864076/Worcester+City+Council%27s+Brownfield+Land+Register.csv/ca3998dd-73ea-a77d-38df-abd18c162fe4,2018-05-22T00:00:00Z,,,
local-authority-eng:WOK,https://www.wokingham.gov.uk/council-and-meetings/open-data/plans-policies-and-strategies/?categoryesctl8705531=8338&categoryesctl91f252ff-550d-4cfa-a838-92ef2cb5f83c=10648,2019-11-26,0eb8e8e249606cf5295ae92c5d24e3104c37296b8db2ae970e47959a2662c899,https://www.wokingham.gov.uk/_resources/assets/attachment/full/0/474097.xlsx,2019-10-20T00:00:00Z,,,2018-12-10
local-authority-eng:WOK,,2018-12-10,bf3e2b4815b9063d23f14828290bc2152734578e4cc7b9c1c3664bc28ba648ce,http://www.wokingham.gov.uk/_resources/assets/attachment/full/0/446349.csv,2018-05-22T00:00:00Z,,,2017-12-21
local-authority-eng:WOX,https://www.westoxon.gov.uk/residents/planning-building/planning-policy/local-development-framework/brownfield-land-register/,2020-03-12,71228cf3144a5f1484579202507a2cbab84d0f4f735403b3ab8e7c62f9c85a1a,https://www.westoxon.gov.uk/media/2087868/brownfield-land.csv,2019-12-20T00:00:00Z,,,2019-12-20
local-authority-eng:WOX,https://www.westoxon.gov.uk/residents/planning-building/planning-policy/local-development-framework/brownfield-land-register/,2019-11-24,28301d1226724ed43569e8221068c21392916e3bfda8a95312fbcf1a31b58dfe,http://www.westoxon.gov.uk/media/1710408/west-oxfordshire_brownfieldregister_november2017_rev0.csv,2018-05-22T00:00:00Z,,,
local-authority-eng:WOX,https://www.westoxon.gov.uk/residents/planning-building/planning-policy/local-development-framework/brownfield-land-register/,2020-03-12,2045132c2c24df3e7ab24f5e5113d3c1496364c6cb3527fdeae05a214c118241,https://www.westoxon.gov.uk/media/1710408/west-oxfordshire_brownfieldregister_december2018_rev1.csv,2019-11-24T00:00:00Z,,,
local-authority-eng:WRL,,2019-10-20,84db52fb7ee590b7512e862246c35766f7164ec438abb90980b5ef9ed471b75a,https://www.wirral.gov.uk/sites/default/files/all/planning%20and%20building/Local%20plans%20and%20planning%20policy/Brownfield%20Register/Wirral_Brownfield_Register_2017-12-22_rev1.csv,2018-05-22T00:00:00Z,,,2017-12-22
local-authority-eng:WRT,https://www.warrington.gov.uk/info/200564/planning-policy/1905/evidence-base,2019-10-20,19d632bd5a1a49844fba72909b0b2f9c5a84b953d0a9d3d8d272e1d3b0127990,https://www.warrington.gov.uk/download/downloads/id/14633/brownfield_register_november_2017.xls,2018-05-22T00:00:00Z,,,
local-authority-eng:WSK,https://www.westsuffolk.gov.uk/planning/Planning_Policies/brownfield-register.cfm,2020-05-20,988424b060b04206906f7c335bcdc8bab5cba6156066d553a3dc4e9a7092c9a5,https://www.westsuffolk.gov.uk/planning/Planning_Policies/upload/Copy-of-West-Suffolk-Brownfield-Register-2019-DEC-web-version.xlsx,2019-12-20T00:00:00Z,,,2019-12-20
local-authority-eng:WSK,https://www.westsuffolk.gov.uk/planning/Planning_Policies/brownfield-register.cfm,2019-12-20,9a81347582cd6e103627b7430b9c1c7607dc937556ad739a3a320813ad681e9c,https://www.westsuffolk.gov.uk/planning/Planning_Policies/upload/West-Suffolk-Brownfield-Register-PDF-v2.xlsx,2019-11-24T00:00:00Z,,,2017-09-01
local-authority-eng:WSO,https://www.westsomersetonline.gov.uk/Planning---Building/Planning-Policy/Brownfield-Register,2019-03-31,944cbf2c4ea26ced18bd14478f65611302d7e22883a238b6954c141cba40d79d,https://www.westsomersetonline.gov.uk/Docs/Brownfield-Register/west-somerset_brownfieldregister_2017-12-31_rev1.aspx,2018-05-22T00:00:00Z,,,2017-12-31
local-authority-eng:WYC,https://www.wychavon.gov.uk/brownfield-land-register,2019-11-30,101ca55e27b01d7632a888af70f3dc382c05aa83e2e496e81f74bf7e689b30a1,https://www.wychavon.gov.uk/documents/10586/8873385/WychavonBrownfieldLandRegister2017wrapped.csv/f588a90c-1181-4598-19aa-9443e7b02ce2,2018-05-22T00:00:00Z,,,
local-authority-eng:WYE,http://www.wyreforestdc.gov.uk/planning-and-buildings/planning-policy/brownfield-land-register.aspx,2020-07-08,000a05de97fae4ea6e8c7ebbb6adf7ed07f595ef5cf322a620503c4a3113fd0d,http://www.wyre.gov.uk/download/downloads/id/5527/wyre_council_brownfield_register_september_2019.csv,2019-12-22T00:00:00Z,,,
local-authority-eng:WYO,https://www.wycombe.gov.uk/pages/Planning-and-building-control/Adopted-Wycombe-planning-policy-and-guidance/Brownfield-land-register.aspx,2019-11-01,1234a961deb842fca9c1a660ca8d02ae26a8273341df8a490738d4efccf71eb7,https://www.wycombe.gov.uk/uploads/public/documents/Planning/Adopted-core-strategy/Brownfield-land-register-2017.xlsx,2019-10-21T00:00:00Z,,,
local-authority-eng:WYR,,2020-10-08,f52de3d0d6050f4313917a3cd4e0728a3400a62df501f80f85d3d13ad9afffd8,http://www.wyre.gov.uk/download/downloads/id/4390/wyre_council_brownfield_register_dec_2017.csv,2018-05-22T00:00:00Z,,,2019-11-24
local-authority-eng:WYR,https://www.wyre.gov.uk/info/200317/planning_policy/1194/brownfield_land_register,2020-10-08,05588db376760416f9d698a5ab405f416d84e733f1b932cb899edf3e606748a6,http://www.wyre.gov.uk/download/downloads/id/5527/wyre_council_brownfield_register_september_2018.csv,2019-11-24T00:00:00Z,,,2018-09-01
